Image Name,Captcha Value
1.png,pardit
2.png,hoouest
3.png,valing
4.png,strled
5.png,inscky
6.png,verdle
7.png,hatning
8.png,iitstle
9.png,uncter
10.png,maders
11.png,tursent
12.png,gollogy
13.png,beeking
14.png,redcing
15.png,shaelly
16.png,tlined
17.png,lisrded
18.png,forder
19.png,humtter
20.png,facned
21.png,woolver
22.png,femers
23.png,champer
24.png,neeings
25.png,ccrsted
26.png,cargins
27.png,lowtest
28.png,graener
29.png,unslen
30.png,prihed
31.png,pippper
32.png,plourer
33.png,hancler
34.png,harsts
35.png,walcers
36.png,tallets
37.png,somhin
38.png,biotion
39.png,ownkiy
40.png,daners
41.png,motked
42.png,coonts
43.png,yelmed
44.png,paging
45.png,latker
46.png,guiters
47.png,witying
48.png,x-rters
49.png,guizing
50.png,cogrts
51.png,motged
52.png,incged
53.png,pagand
54.png,careby
55.png,wilker
56.png,garmons
57.png,dusming
58.png,unireas
59.png,tineter
60.png,degller
61.png,unhlish
62.png,hounds
63.png,radook
64.png,incking
65.png,plehes
66.png,worusts
67.png,jewing
68.png,thithm
69.png,broler
70.png,wirios
71.png,loocked
72.png,stolers
73.png,snening
74.png,traerts
75.png,farding
76.png,wavuid
77.png,churths
78.png,mantes
79.png,halkel
80.png,walrty
81.png,foling
82.png,wooond
83.png,movoth
84.png,attrtax
85.png,unster
86.png,spoche
87.png,sofsted
88.png,deamer
89.png,skiser
90.png,shasses
91.png,vieles
92.png,brancer
93.png,basers
94.png,guirest
95.png,parlar
96.png,liqses
97.png,cauced
98.png,sanolds
99.png,nigings
100.png,cophtly
101.png,awales
102.png,softed
103.png,newder
104.png,cheier
105.png,saling
106.png,cirgers
107.png,poInted
108.png,shohing
109.png,bacered
110.png,wisced
111.png,fisder
112.png,indcked
113.png,feaing
114.png,birires
115.png,makters
116.png,pubght
117.png,readed
118.png,latath
119.png,sloeras
120.png,uncves
121.png,tonder
122.png,bodight
123.png,poiaply
124.png,toaeday
125.png,famoors
126.png,rivced
127.png,boities
128.png,broteen
129.png,legself
130.png,flirted
131.png,rolting
132.png,duscria
133.png,opezona
134.png,wouish
135.png,simeled
136.png,tildits
137.png,senting
138.png,foofed
139.png,figter
140.png,aciers
141.png,lawched
142.png,inswer
143.png,littest
144.png,pulcils
145.png,dolsily
146.png,gunders
147.png,verker
148.png,piaghed
149.png,hooply
150.png,selning
151.png,inkorer
152.png,fathine
153.png,blontry
154.png,simlds
155.png,branced
156.png,rooooks
157.png,graails
158.png,shoshed
159.png,wiscle
160.png,shoeled
161.png,bloect
162.png,powsing
163.png,goiing
164.png,draths
165.png,deaves
166.png,sloning
167.png,spammer
168.png,haiger
169.png,olddays
170.png,leaked
171.png,seaked
172.png,angnced
173.png,rooter
174.png,mapter
175.png,bagced
176.png,sontled
177.png,harter
178.png,airckly
179.png,arcded
180.png,opedens
181.png,seasing
182.png,comths
183.png,lovted
184.png,selsky
185.png,ablked
186.png,unlcher
187.png,shates
188.png,livsed
189.png,locghts
190.png,uplered
191.png,selhway
192.png,bloetly
193.png,coaored
194.png,rewuled
195.png,blolier
196.png,oilned
197.png,tilper
198.png,hatween
199.png,latter
200.png,voiting
201.png,cakders
202.png,eggras
203.png,goiires
204.png,givams
205.png,busvant
206.png,maskers
207.png,prised
208.png,ricding
209.png,rodats
210.png,locings
211.png,lawkly
212.png,patnged
213.png,amuven
214.png,metked
215.png,peadle
216.png,outpedo
217.png,syspped
218.png,bucsed
219.png,birron
220.png,amoeet
221.png,cameler
222.png,heakers
223.png,thiling
224.png,horuded
225.png,banrted
226.png,seaples
227.png,waxting
228.png,judcts
229.png,polers
230.png,smoter
231.png,harlet
232.png,douyed
233.png,marony
234.png,liknts
235.png,acring
236.png,thrures
237.png,smoted
238.png,shaing
239.png,couson
240.png,unwlers
241.png,keynine
242.png,downes
243.png,snoling
244.png,wirlls
245.png,voiter
246.png,ablpect
247.png,namter
248.png,coaton
249.png,cauonds
250.png,posefed
251.png,whiobus
252.png,colaken
253.png,wetiner
254.png,grolers
255.png,offder
256.png,buthten
257.png,anylen
258.png,harwns
259.png,dryiner
260.png,hanmed
261.png,staing
262.png,chated
263.png,backet
264.png,towlder
265.png,ranned
266.png,eleged
267.png,banded
268.png,widers
269.png,groter
270.png,unwrts
271.png,snemed
272.png,strping
273.png,moungs
274.png,inkeras
275.png,trarary
276.png,copect
277.png,shalet
278.png,dealics
279.png,balnded
280.png,sudces
281.png,boorly
282.png,unilic
283.png,regers
284.png,kisging
285.png,thoearn
286.png,kisrpen
287.png,chalet
288.png,sonrpen
289.png,walited
290.png,rooties
291.png,damuids
292.png,punlder
293.png,foruest
294.png,deated
295.png,reaming
296.png,almles
297.png,flosons
298.png,unswing
299.png,aftrts
300.png,cupline
301.png,salker
302.png,priered
303.png,ownctor
304.png,angnas
305.png,hanreas
306.png,opeines
307.png,brening
308.png,tasned
309.png,cakners
310.png,winmers
311.png,movger
312.png,colsed
313.png,uncghed
314.png,abltest
315.png,featles
316.png,houers
317.png,kicday
318.png,seniars
319.png,latning
320.png,bablin
321.png,caucks
322.png,plasule
323.png,sposted
324.png,gloect
325.png,busaled
326.png,tophter
327.png,glorth
328.png,lisacks
329.png,cleored
330.png,misiner
331.png,iroler
332.png,ratwed
333.png,boaathe
334.png,houwed
335.png,comhts
336.png,bedses
337.png,unhing
338.png,broght
339.png,railogy
340.png,houding
341.png,chiarer
342.png,seewers
343.png,inksed
344.png,harkes
345.png,oqupped
346.png,mapners
347.png,bodiner
348.png,bitter
349.png,lowued
350.png,balpped
351.png,offtory
352.png,airling
353.png,draored
354.png,rubters
355.png,silers
356.png,thrbama
357.png,thiting
358.png,living
359.png,awaker
360.png,lasved
361.png,sumtles
362.png,riners
363.png,undonds
364.png,priider
365.png,loosors
366.png,wetkes
367.png,yelnts
368.png,stared
369.png,trants
370.png,wasging
371.png,miniced
372.png,santers
373.png,squsing
374.png,potels
375.png,mooers
376.png,tonlers
377.png,yelves
378.png,valred
379.png,metler
380.png,Apafed
381.png,thoing
382.png,folers
383.png,currted
384.png,thligns
385.png,trader
386.png,flinter
387.png,seeters
388.png,angmed
389.png,plaing
390.png,talcred
391.png,snadies
392.png,salties
393.png,rathers
394.png,tairts
395.png,eggnes
396.png,spabts
397.png,foride
398.png,shocks
399.png,sofkers
400.png,givmes
401.png,amusts
402.png,unslly
403.png,brader
404.png,lifguin
405.png,thussed
406.png,sunamer
407.png,cyckers
408.png,dealed
409.png,copher
410.png,groled
411.png,anssed
412.png,eyeakes
413.png,looing
414.png,froters
415.png,loudoor
416.png,nanker
417.png,unkker
418.png,motled
419.png,fislers
420.png,harted
421.png,voiight
422.png,notwed
423.png,waxkers
424.png,parens
425.png,patling
426.png,likined
427.png,seeers
428.png,guions
429.png,sairas
430.png,guiters
431.png,breest
432.png,soaats
433.png,namked
434.png,badked
435.png,hanting
436.png,sirnac
437.png,loviner
438.png,birrter
439.png,witooks
440.png,stoters
441.png,kisying
442.png,snalogy
443.png,reworra
444.png,graday
445.png,plarica
446.png,judage
447.png,scrghts
448.png,bitded
449.png,sayugh
450.png,evesed
451.png,posher
452.png,milries
453.png,aftged
454.png,uplhers
455.png,yeslers
456.png,looally
457.png,spreen
458.png,wirters
459.png,tralked
460.png,nnnter
461.png,ovetain
462.png,valrus
463.png,heatest
464.png,noiself
465.png,shoded
466.png,figrer
467.png,oveping
468.png,eardays
469.png,cherets
470.png,pleool
471.png,wirper
472.png,taibter
473.png,clomer
474.png,arcfer
475.png,tweter
476.png,pocpily
477.png,stined
478.png,wavest
479.png,schored
480.png,cridays
481.png,stading
482.png,sadoors
483.png,senemen
484.png,wooner
485.png,unddly
486.png,adjming
487.png,mixler
488.png,putped
489.png,amurty
490.png,salwed
491.png,uppves
492.png,jazrer
493.png,braking
494.png,priher
495.png,outlets
496.png,upkins
497.png,citmed
498.png,falemen
499.png,lining
500.png,cutning
501.png,linest
502.png,worstel
503.png,smoding
504.png,orawer
505.png,gookel
506.png,lisbed
507.png,pagike
508.png,parted
509.png,anynges
510.png,Frimail
511.png,lasire
512.png,lawaled
513.png,endned
514.png,poower
515.png,cleest
516.png,upping
517.png,ovembed
518.png,hooking
519.png,sexrer
520.png,placks
521.png,Sunnner
522.png,curtes
523.png,danwer
524.png,twilook
525.png,tholing
526.png,criker
527.png,winnce
528.png,befers
529.png,pusmbs
530.png,horple
531.png,oliring
532.png,rulups
533.png,waights
534.png,loukers
535.png,banans
536.png,uneler
537.png,fooezer
538.png,whiers
539.png,thohed
540.png,unsling
541.png,weeight
542.png,radder
543.png,scaings
544.png,shohine
545.png,voither
546.png,worbts
547.png,plahers
548.png,netcrew
549.png,lovers
550.png,wooins
551.png,sprens
552.png,butely
553.png,jazing
554.png,thrcrow
555.png,sweshes
556.png,priters
557.png,waramed
558.png,smering
559.png,caumed
560.png,endras
561.png,bonses
562.png,teskes
563.png,sholed
564.png,bralen
565.png,seactor
566.png,dangers
567.png,unsves
568.png,lowire
569.png,waster
570.png,bootons
571.png,earling
572.png,lipvas
573.png,inscks
574.png,evenken
575.png,seelin
576.png,fiaoes
577.png,royings
578.png,foring
579.png,liqting
580.png,rhyhed
581.png,meties
582.png,begirer
583.png,opeoat
584.png,poteis
585.png,undves
586.png,canpers
587.png,braever
588.png,potrow
589.png,souing
590.png,polider
591.png,jewased
592.png,cooking
593.png,waxence
594.png,hollors
595.png,copling
596.png,graters
597.png,indked
598.png,plaures
599.png,plorter
600.png,danming
601.png,spaays
602.png,horster
603.png,lanrer
604.png,verring
605.png,cooing
606.png,beedly
607.png,sprche
608.png,carting
609.png,omeales
610.png,uniging
611.png,sholed
612.png,fisking
613.png,befged
614.png,lowever
615.png,hyeded
616.png,strded
617.png,plating
618.png,livined
619.png,pooned
620.png,comaper
621.png,deeohal
622.png,senbors
623.png,vieches
624.png,vermed
625.png,braler
626.png,sadics
627.png,noices
628.png,rnyener
629.png,shaned
630.png,penkers
631.png,hanter
632.png,evedier
633.png,leangs
634.png,plarths
635.png,froding
636.png,hyeened
637.png,rivther
638.png,netmes
639.png,noilves
640.png,voieze
641.png,blotly
642.png,beglar
643.png,undked
644.png,talsher
645.png,chater
646.png,braduce
647.png,thimed
648.png,blcher
649.png,senskey
650.png,hathere
651.png,mapdest
652.png,senking
653.png,peacky
654.png,bloging
655.png,cupssy
656.png,salmers
657.png,angled
658.png,lonming
659.png,woreet
660.png,naiself
661.png,wirage
662.png,hanuble
663.png,futcked
664.png,givffs
665.png,dusgue
666.png,fisnged
667.png,canhion
668.png,incling
669.png,balters
670.png,sairent
671.png,thrnted
672.png,briving
673.png,edgnch
674.png,vesputs
675.png,ovector
676.png,risked
677.png,wetired
678.png,tigker
679.png,thrhtly
680.png,winnter
681.png,flsels
682.png,adjond
683.png,forsons
684.png,minter
685.png,unrting
686.png,quaone
687.png,neench
688.png,placers
689.png,valhts
690.png,angoing
691.png,snarica
692.png,coonter
693.png,workles
694.png,wirches
695.png,louser
696.png,nigged
697.png,whiries
698.png,potted
699.png,livhts
700.png,stilers
701.png,stezers
702.png,pusine
703.png,shasing
704.png,stashes
705.png,valding
706.png,parted
707.png,babreby
708.png,patged
709.png,fowcher
710.png,endnder
711.png,sirens
712.png,froled
713.png,slgcked
714.png,corging
715.png,unsmly
716.png,creche
717.png,chapler
718.png,unkwer
719.png,seaver
720.png,stited
721.png,kiccle
722.png,rolhers
723.png,bagdier
724.png,goiding
725.png,anyders
726.png,traits
727.png,saiker
728.png,tignces
729.png,chaored
730.png,deghter
731.png,pleving
732.png,fishter
733.png,Mondle
734.png,stothes
735.png,babeder
736.png,heagers
737.png,outnds
738.png,feeping
739.png,thrires
740.png,rodring
741.png,soreted
742.png,pocding
743.png,awained
744.png,plaver
745.png,appting
746.png,thoited
747.png,havgged
748.png,worled
749.png,stouted
750.png,inkmen
751.png,givcher
752.png,abligns
753.png,dryght
754.png,unsking
755.png,warding
756.png,tirtter
757.png,scaehow
758.png,oraords
759.png,zebared
760.png,vieded
761.png,stoized
762.png,begter
763.png,potvens
764.png,horing
765.png,bouters
766.png,armezed
767.png,salkes
768.png,rinmly
769.png,spovas
770.png,horker
771.png,biroats
772.png,sofnder
773.png,foocing
774.png,selded
775.png,braches
776.png,bagred
777.png,forhed
778.png,dogling
779.png,tenody
780.png,unrher
781.png,latked
782.png,addnine
783.png,keyling
784.png,dancks
785.png,memged
786.png,bander
787.png,chiers
788.png,prider
789.png,twilved
790.png,addulse
791.png,liknts
792.png,porled
793.png,anskers
794.png,snaung
795.png,booorer
796.png,givcer
797.png,plaping
798.png,topfing
799.png,towgers
800.png,shating
801.png,nerhers
802.png,tabrply
803.png,hamers
804.png,hoongs
805.png,plainer
806.png,staking
807.png,balting
808.png,fookes
809.png,metted
810.png,rinked
811.png,dusters
812.png,hyeled
813.png,paglad
814.png,insring
815.png,frests
816.png,kining
817.png,selies
818.png,ployers
819.png,senmed
820.png,verper
821.png,rolted
822.png,parerts
823.png,cleway
824.png,Anrlets
825.png,graries
826.png,turefed
827.png,soross
828.png,resies
829.png,unslers
830.png,citpper
831.png,comlogy
832.png,trusen
833.png,fatding
834.png,wooined
835.png,pagers
836.png,colding
837.png,woowing
838.png,coanded
839.png,chirees
840.png,danting
841.png,lifics
842.png,lataid
843.png,maknts
844.png,safpers
845.png,flokels
846.png,eyeeten
847.png,shathed
848.png,endder
849.png,hating
850.png,thrked
851.png,stivers
852.png,stoers
853.png,thireas
854.png,vieming
855.png,minest
856.png,voilft
857.png,wasder
858.png,seecles
859.png,coauest
860.png,dogcus
861.png,citlars
862.png,recker
863.png,daming
864.png,hormen
865.png,pusble
866.png,voiters
867.png,flytain
868.png,stader
869.png,reaweet
870.png,cloder
871.png,sadced
872.png,squoor
873.png,mysned
874.png,litined
875.png,sysers
876.png,actlves
877.png,motrts
878.png,seaored
879.png,secker
880.png,verths
881.png,errting
882.png,tesrly
883.png,wating
884.png,stitrol
885.png,driket
886.png,masrdo
887.png,latties
888.png,monning
889.png,plonts
890.png,knipily
891.png,thipers
892.png,basning
893.png,scagued
894.png,turead
895.png,arcled
896.png,eyehtly
897.png,pohing
898.png,stepped
899.png,opestic
900.png,nosers
901.png,fateler
902.png,ransses
903.png,papcks
904.png,motsely
905.png,plaelly
906.png,gradler
907.png,comting
908.png,dryered
909.png,rooting
910.png,chukes
911.png,strssed
912.png,rinnted
913.png,buting
914.png,lifbers
915.png,ovened
916.png,wooser
917.png,neaurer
918.png,comrder
919.png,insding
920.png,yeldled
921.png,givdly
922.png,lowire
923.png,reagar
924.png,boduds
925.png,marrths
926.png,guiger
927.png,sening
928.png,buzling
929.png,trarace
930.png,despper
931.png,pasted
932.png,babller
933.png,newting
934.png,whiash
935.png,errging
936.png,verting
937.png,yesses
938.png,unding
939.png,danond
940.png,shange
941.png,cuples
942.png,marler
943.png,meeapen
944.png,ovecked
945.png,coanted
946.png,bedring
947.png,exprer
948.png,midter
949.png,toping
950.png,firwer
951.png,ploting
952.png,crasons
953.png,fixsel
954.png,pagamas
955.png,seamer
956.png,turning
957.png,namking
958.png,waiffed
959.png,spobed
960.png,olience
961.png,golects
962.png,briors
963.png,rounner
964.png,motned
965.png,airself
966.png,colson
967.png,coging
968.png,baboor
969.png,tasing
970.png,cirtest
971.png,houved
972.png,rinpped
973.png,colkes
974.png,facnder
975.png,basred
976.png,sunhere
977.png,wordoor
978.png,boxder
979.png,getios
980.png,taxoned
981.png,harrly
982.png,gloler
983.png,balmmer
984.png,levbors
985.png,widhes
986.png,staton
987.png,draver
988.png,sanings
989.png,cheping
990.png,baciner
991.png,mining
992.png,stited
993.png,tasfed
994.png,scaked
995.png,selsers
996.png,unhires
997.png,doisent
998.png,inkand
999.png,unsting
1000.png,plolege
1001.png,addtle
1002.png,mysatre
1003.png,rewting
1004.png,brepper
1005.png,brabed
1006.png,fracing
1007.png,soucked
1008.png,insting
1009.png,wasind
1010.png,boxture
1011.png,facdits
1012.png,norily
1013.png,armler
1014.png,roudly
1015.png,spoves
1016.png,cogders
1017.png,thuefly
1018.png,copling
1019.png,drining
1020.png,plenks
1021.png,gonter
1022.png,unsnes
1023.png,whiles
1024.png,jazged
1025.png,leanges
1026.png,femnes
1027.png,wasers
1028.png,katled
1029.png,heaeze
1030.png,arcket
1031.png,cofries
1032.png,soadges
1033.png,hariner
1034.png,thirted
1035.png,X-rked
1036.png,pridest
1037.png,unmeady
1038.png,uplward
1039.png,havvate
1040.png,powdest
1041.png,faleted
1042.png,figenly
1043.png,seeings
1044.png,inckets
1045.png,neaels
1046.png,thohted
1047.png,feamail
1048.png,neerted
1049.png,doiire
1050.png,Frisses
1051.png,seacll
1052.png,forters
1053.png,amuyed
1054.png,wheals
1055.png,oranted
1056.png,islking
1057.png,Stoder
1058.png,wetoll
1059.png,omells
1060.png,awaacks
1061.png,banely
1062.png,leaged
1063.png,pagtile
1064.png,shirily
1065.png,horkes
1066.png,priinst
1067.png,drader
1068.png,brarts
1069.png,fatted
1070.png,turrner
1071.png,talads
1072.png,danewed
1073.png,fearing
1074.png,higers
1075.png,trasing
1076.png,walles
1077.png,worred
1078.png,rolnge
1079.png,coaler
1080.png,Sunorer
1081.png,criake
1082.png,erraria
1083.png,hatwned
1084.png,firputs
1085.png,ticred
1086.png,strdied
1087.png,swerds
1088.png,makung
1089.png,noiares
1090.png,kicese
1091.png,spaying
1092.png,dooking
1093.png,sorers
1094.png,staats
1095.png,banmer
1096.png,platers
1097.png,fisord
1098.png,litiner
1099.png,falwer
1100.png,driker
1101.png,drided
1102.png,fooiner
1103.png,ploning
1104.png,dolped
1105.png,crydred
1106.png,forkers
1107.png,comgust
1108.png,ticcky
1109.png,doiect
1110.png,thiming
1111.png,crausts
1112.png,posnge
1113.png,looting
1114.png,hanars
1115.png,figned
1116.png,waiergo
1117.png,forcer
1118.png,unrves
1119.png,piamer
1120.png,nutged
1121.png,enouts
1122.png,yelters
1123.png,lifhts
1124.png,aimlic
1125.png,thrrts
1126.png,candays
1127.png,forious
1128.png,awaely
1129.png,pusging
1130.png,burlar
1131.png,carers
1132.png,dognicn
1133.png,cleders
1134.png,valding
1135.png,sectory
1136.png,wetder
1137.png,prioded
1138.png,saysing
1139.png,plalins
1140.png,ankuted
1141.png,neatens
1142.png,forles
1143.png,mixcked
1144.png,Frivas
1145.png,bresher
1146.png,parers
1147.png,ratory
1148.png,eggrds
1149.png,reaked
1150.png,tabeads
1151.png,narnrer
1152.png,lauody
1153.png,meokers
1154.png,sirgers
1155.png,desded
1156.png,common
1157.png,looker
1158.png,sidlers
1159.png,fruoes
1160.png,Pricted
1161.png,lisler
1162.png,turger
1163.png,loomed
1164.png,anging
1165.png,almler
1166.png,sorled
1167.png,deeanly
1168.png,mouting
1169.png,adjsors
1170.png,jumens
1171.png,Sumder
1172.png,Seekers
1173.png,weting
1174.png,wasect
1175.png,hatling
1176.png,heaeten
1177.png,stotter
1178.png,monhly
1179.png,bootems
1180.png,turning
1181.png,botorer
1182.png,amuyly
1183.png,smemers
1184.png,fatded
1185.png,lasody
1186.png,notsts
1187.png,keeghed
1188.png,punanly
1189.png,desped
1190.png,walher
1191.png,zebeing
1192.png,wordly
1193.png,driwner
1194.png,cakhter
1195.png,jumnes
1196.png,Spaert
1197.png,famrted
1198.png,copgers
1199.png,minmer
1200.png,spaind
1201.png,holdly
1202.png,pipfers
1203.png,iroted
1204.png,verrted
1205.png,rivixed
1206.png,shauest
1207.png,airtar
1208.png,sonsses
1209.png,voiters
1210.png,copter
1211.png,voiing
1212.png,waxkers
1213.png,rooming
1214.png,driored
1215.png,neeker
1216.png,inslic
1217.png,talter
1218.png,unrdway
1219.png,cursing
1220.png,doging
1221.png,driter
1222.png,levpars
1223.png,voiled
1224.png,rouling
1225.png,tonstic
1226.png,bedter
1227.png,legmer
1228.png,moveler
1229.png,appines
1230.png,puteat
1231.png,carwed
1232.png,staring
1233.png,hanamid
1234.png,ankters
1235.png,saises
1236.png,judces
1237.png,gooucd
1238.png,roller
1239.png,basself
1240.png,lising
1241.png,whiers
1242.png,plaself
1243.png,fisfit
1244.png,boxker
1245.png,anywers
1246.png,danlers
1247.png,plaies
1248.png,sonkers
1249.png,masice
1250.png,armters
1251.png,neters
1252.png,woosons
1253.png,soueing
1254.png,selnion
1255.png,fourter
1256.png,seclths
1257.png,wooone
1258.png,hatent
1259.png,outped
1260.png,plated
1261.png,fortler
1262.png,timoids
1263.png,havrest
1264.png,narest
1265.png,butried
1266.png,salder
1267.png,secsing
1268.png,taxtle
1269.png,seeper
1270.png,acttest
1271.png,worgers
1272.png,smoone
1273.png,cofning
1274.png,darses
1275.png,banter
1276.png,dusghed
1277.png,spaent
1278.png,toputs
1279.png,forsed
1280.png,roymmer
1281.png,pardest
1282.png,pagsts
1283.png,talave
1284.png,spopers
1285.png,brains
1286.png,vieens
1287.png,ankrned
1288.png,carnac
1289.png,sisding
1290.png,blolers
1291.png,poilic
1292.png,salckly
1293.png,thuers
1294.png,spotman
1295.png,verther
1296.png,dolmple
1297.png,inslege
1298.png,bitlls
1299.png,wasing
1300.png,madhout
1301.png,bucted
1302.png,naiand
1303.png,lastle
1304.png,seapped
1305.png,coaers
1306.png,carger
1307.png,incers
1308.png,undpped
1309.png,talls
1310.png,falder
1311.png,danners
1312.png,waiased
1313.png,sloling
1314.png,muscial
1315.png,coltied
1316.png,houing
1317.png,brawers
1318.png,rhyday
1319.png,blading
1320.png,bascken
1321.png,lissent
1322.png,amuler
1323.png,detads
1324.png,shaning
1325.png,comted
1326.png,boxers
1327.png,tailer
1328.png,marwer
1329.png,lounner
1330.png,motled
1331.png,wasized
1332.png,kising
1333.png,stoount
1334.png,offlver
1335.png,deaular
1336.png,plaunts
1337.png,polted
1338.png,stiying
1339.png,ketings
1340.png,danying
1341.png,ablings
1342.png,wasfed
1343.png,purers
1344.png,firrly
1345.png,amuing
1346.png,selaged
1347.png,cupred
1348.png,sunels
1349.png,kicetly
1350.png,woorts
1351.png,taksses
1352.png,sentile
1353.png,fixring
1354.png,unrged
1355.png,kinened
1356.png,boidly
1357.png,potkers
1358.png,rolits
1359.png,banrted
1360.png,kniners
1361.png,tasely
1362.png,sofhes
1363.png,makder
1364.png,cofter
1365.png,engked
1366.png,fatken
1367.png,likaxed
1368.png,dealous
1369.png,insorer
1370.png,coging
1371.png,fraber
1372.png,slgers
1373.png,eveter
1374.png,hatter
1375.png,neerly
1376.png,shaning
1377.png,higelly
1378.png,dogngly
1379.png,basduce
1380.png,awards
1381.png,Spasher
1382.png,unlght
1383.png,drached
1384.png,eyeiner
1385.png,loseman
1386.png,burled
1387.png,cheing
1388.png,unling
1389.png,Angtest
1390.png,shaple
1391.png,cloging
1392.png,figelly
1393.png,neramid
1394.png,opeken
1395.png,poiling
1396.png,burling
1397.png,Opeaway
1398.png,burics
1399.png,truked
1400.png,traked
1401.png,braraly
1402.png,sprves
1403.png,walper
1404.png,covken
1405.png,laslet
1406.png,guning
1407.png,waxply
1408.png,anyning
1409.png,sloding
1410.png,ploing
1411.png,groling
1412.png,Secely
1413.png,powlder
1414.png,stater
1415.png,addlics
1416.png,anycky
1417.png,meoging
1418.png,puning
1419.png,bsding
1420.png,wasghs
1421.png,mantles
1422.png,marrts
1423.png,tilmly
1424.png,poiing
1425.png,masder
1426.png,fatrney
1427.png,kisuid
1428.png,inlmed
1429.png,fortain
1430.png,liqting
1431.png,shawers
1432.png,sweffed
1433.png,soufers
1434.png,begted
1435.png,vodans
1436.png,hatiny
1437.png,baners
1438.png,spaenly
1439.png,indlies
1440.png,Camics
1441.png,silker
1442.png,plaever
1443.png,smoping
1444.png,turning
1445.png,fisike
1446.png,sanergo
1447.png,reaton
1448.png,trahes
1449.png,yeaing
1450.png,mysghts
1451.png,pasmer
1452.png,insning
1453.png,pipened
1454.png,lowdly
1455.png,parers
1456.png,pusming
1457.png,heagers
1458.png,footer
1459.png,charts
1460.png,unkting
1461.png,anylds
1462.png,eyesing
1463.png,fowcked
1464.png,oilnter
1465.png,stipers
1466.png,ratded
1467.png,ovenas
1468.png,figkers
1469.png,seeding
1470.png,wrodays
1471.png,gooled
1472.png,saiking
1473.png,cryner
1474.png,femider
1475.png,tasging
1476.png,mooefs
1477.png,parsts
1478.png,comits
1479.png,shoond
1480.png,legner
1481.png,Sesboat
1482.png,wasrly
1483.png,deopers
1484.png,fowners
1485.png,riners
1486.png,hotins
1487.png,Apaetly
1488.png,compper
1489.png,Seeght
1490.png,deated
1491.png,sweiefs
1492.png,kniress
1493.png,amodays
1494.png,tesrers
1495.png,airnch
1496.png,guised
1497.png,shaght
1498.png,floched
1499.png,likmed
1500.png,winely
1501.png,ncther
1502.png,stoken
1503.png,bookets
1504.png,barelf
1505.png,boited
1506.png,rooted
1507.png,armter
1508.png,kineets
1509.png,wallogy
1510.png,nobors
1511.png,falning
1512.png,knieipt
1513.png,swerer
1514.png,deeook
1515.png,jazring
1516.png,ablsted
1517.png,inlause
1518.png,secves
1519.png,deekers
1520.png,colers
1521.png,feming
1522.png,timying
1523.png,deeler
1524.png,falored
1525.png,poiling
1526.png,vaigram
1527.png,shadle
1528.png,adderve
1529.png,iroease
1530.png,frising
1531.png,ransed
1532.png,talerer
1533.png,coaook
1534.png,lasking
1535.png,glongly
1536.png,porhtly
1537.png,folbody
1538.png,driceps
1539.png,traghs
1540.png,ricted
1541.png,incmist
1542.png,manthed
1543.png,bitcker
1544.png,fixount
1545.png,pusures
1546.png,stoding
1547.png,midber
1548.png,arcing
1549.png,necing
1550.png,topsing
1551.png,unrings
1552.png,feamed
1553.png,eveping
1554.png,deeuing
1555.png,hatter
1556.png,cctaned
1557.png,nerted
1558.png,folcing
1559.png,kisled
1560.png,loutest
1561.png,whiath
1562.png,shaest
1563.png,smeling
1564.png,unsners
1565.png,fislogy
1566.png,voiings
1567.png,lituble
1568.png,neaiene
1569.png,shaped
1570.png,movned
1571.png,minled
1572.png,towpect
1573.png,chawer
1574.png,vesses
1575.png,taloded
1576.png,scalaws
1577.png,newvate
1578.png,givcles
1579.png,wormes
1580.png,holded
1581.png,ranlers
1582.png,flokets
1583.png,drings
1584.png,fouler
1585.png,flaing
1586.png,sirters
1587.png,dolsing
1588.png,trahole
1589.png,fixrts
1590.png,winked
1591.png,leasels
1592.png,belight
1593.png,poiings
1594.png,making
1595.png,lisrer
1596.png,waiwed
1597.png,stewers
1598.png,bucght
1599.png,pocches
1600.png,wisixsd
1601.png,wavntry
1602.png,forice
1603.png,gooost
1604.png,dridly
1605.png,paikers
1606.png,inkner
1607.png,drying
1608.png,folling
1609.png,smoding
1610.png,Apaing
1611.png,toater
1612.png,tastrol
1613.png,deaions
1614.png,babnos
1615.png,sloted
1616.png,uplrch
1617.png,warling
1618.png,unmcled
1619.png,earared
1620.png,flieen
1621.png,likuest
1622.png,timshes
1623.png,minted
1624.png,shagust
1625.png,lipers
1626.png,unhater
1627.png,wisged
1628.png,effhout
1629.png,copond
1630.png,fladest
1631.png,hormen
1632.png,amudler
1633.png,edgock
1634.png,plodier
1635.png,seeave
1636.png,rooored
1637.png,silnds
1638.png,ranors
1639.png,amuings
1640.png,bogined
1641.png,smoearm
1642.png,deasts
1643.png,soodens
1644.png,lasders
1645.png,numwing
1646.png,harper
1647.png,lindly
1648.png,freshes
1649.png,flahten
1650.png,mapnks
1651.png,natwed
1652.png,juddged
1653.png,upkorie
1654.png,potled
1655.png,givorer
1656.png,freards
1657.png,driges
1658.png,comlded
1659.png,acider
1660.png,realed
1661.png,resging
1662.png,comwer
1663.png,jumoss
1664.png,numngs
1665.png,reader
1666.png,brason
1667.png,vieker
1668.png,degven
1669.png,Sneling
1670.png,flyire
1671.png,grened
1672.png,balato
1673.png,Softile
1674.png,damtes
1675.png,groder
1676.png,cornts
1677.png,floter
1678.png,outrer
1679.png,sevking
1680.png,nosses
1681.png,prated
1682.png,begight
1683.png,oilmes
1684.png,rulers
1685.png,loosing
1686.png,Verfits
1687.png,deains
1688.png,houiner
1689.png,sysers
1690.png,deaevel
1691.png,jazght
1692.png,babried
1693.png,coaters
1694.png,pagking
1695.png,rodeled
1696.png,bagmes
1697.png,numers
1698.png,vesting
1699.png,wavunts
1700.png,pocers
1701.png,flaoton
1702.png,groers
1703.png,waiezes
1704.png,pipdly
1705.png,deaming
1706.png,plason
1707.png,turdes
1708.png,taxaxed
1709.png,unlling
1710.png,braded
1711.png,likmly
1712.png,unster
1713.png,eyeely
1714.png,carding
1715.png,marways
1716.png,minania
1717.png,snanged
1718.png,poiche
1719.png,gloired
1720.png,boiter
1721.png,pusket
1722.png,almired
1723.png,rooging
1724.png,kismed
1725.png,forsors
1726.png,waiding
1727.png,raider
1728.png,eggters
1729.png,acthed
1730.png,woombs
1731.png,unmake
1732.png,necioed
1733.png,seaefly
1734.png,movming
1735.png,broters
1736.png,givhed
1737.png,foughts
1738.png,broings
1739.png,unhging
1740.png,braoat
1741.png,whitate
1742.png,tiruled
1743.png,clonker
1744.png,deswer
1745.png,Augsers
1746.png,powlear
1747.png,humned
1748.png,metply
1749.png,becron
1750.png,roooor
1751.png,banron
1752.png,falging
1753.png,stambed
1754.png,lankes
1755.png,cheing
1756.png,answing
1757.png,pendens
1758.png,verling
1759.png,broiled
1760.png,acited
1761.png,ketded
1762.png,mixeder
1763.png,healen
1764.png,reaath
1765.png,uncrer
1766.png,greter
1767.png,kineder
1768.png,wouager
1769.png,flader
1770.png,empcer
1771.png,danled
1772.png,trulers
1773.png,welters
1774.png,opeers
1775.png,mottion
1776.png,thonned
1777.png,waxing
1778.png,greers
1779.png,bandes
1780.png,teasing
1781.png,rougust
1782.png,groest
1783.png,heaest
1784.png,lnkried
1785.png,camding
1786.png,stading
1787.png,higged
1788.png,waswers
1789.png,fatling
1790.png,judatre
1791.png,jumving
1792.png,driking
1793.png,shaeet
1794.png,spaply
1795.png,unsded
1796.png,verned
1797.png,balming
1798.png,loopper
1799.png,viedle
1800.png,minnted
1801.png,outtes
1802.png,moudays
1803.png,wasilla
1804.png,kicters
1805.png,plainer
1806.png,truing
1807.png,grohter
1808.png,draeat
1809.png,marlogy
1810.png,comacks
1811.png,fowned
1812.png,outght
1813.png,puners
1814.png,corted
1815.png,frobers
1816.png,sannce
1817.png,prites
1818.png,newinea
1819.png,whiing
1820.png,theved
1821.png,x-resed
1822.png,trukly
1823.png,dooayed
1824.png,sorger
1825.png,unsener
1826.png,angnged
1827.png,strson
1828.png,endlogy
1829.png,smaome
1830.png,stepper
1831.png,uppcky
1832.png,fixiers
1833.png,gloared
1834.png,noither
1835.png,horets
1836.png,whizes
1837.png,necking
1838.png,traing
1839.png,bodmony
1840.png,driced
1841.png,lipder
1842.png,slevas
1843.png,stamed
1844.png,banmer
1845.png,holnter
1846.png,sidarns
1847.png,houter
1848.png,taxder
1849.png,metmers
1850.png,wasring
1851.png,livced
1852.png,pinily
1853.png,outting
1854.png,walters
1855.png,newling
1856.png,lovsses
1857.png,slopier
1858.png,Sunging
1859.png,snerer
1860.png,walven
1861.png,rodeep
1862.png,bitking
1863.png,memche
1864.png,begding
1865.png,secars
1866.png,weling
1867.png,pageter
1868.png,Sunghs
1869.png,itsmed
1870.png,ansnged
1871.png,flithly
1872.png,thrled
1873.png,breing
1874.png,moving
1875.png,Schnks
1876.png,wirrted
1877.png,quaches
1878.png,sigfing
1879.png,ratmbs
1880.png,boager
1881.png,whelow
1882.png,earrtax
1883.png,whested
1884.png,flaest
1885.png,bitting
1886.png,outeler
1887.png,whition
1888.png,fliars
1889.png,arcble
1890.png,coacus
1891.png,sizves
1892.png,talder
1893.png,cirers
1894.png,queter
1895.png,madges
1896.png,jazking
1897.png,seeered
1898.png,earixed
1899.png,ankdily
1900.png,butvate
1901.png,monway
1902.png,pocmbs
1903.png,sklled
1904.png,amuwer
1905.png,armger
1906.png,banaged
1907.png,cheift
1908.png,awaits
1909.png,boxher
1910.png,naiered
1911.png,schrdly
1912.png,thired
1913.png,copted
1914.png,falome
1915.png,potcker
1916.png,bitker
1917.png,radler
1918.png,botghs
1919.png,staelly
1920.png,outper
1921.png,sayucd
1922.png,warner
1923.png,fioorer
1924.png,trader
1925.png,beeted
1926.png,topure
1927.png,neeake
1928.png,trlked
1929.png,placers
1930.png,winned
1931.png,muslers
1932.png,manrly
1933.png,golases
1934.png,shaster
1935.png,havetor
1936.png,worhts
1937.png,cotcle
1938.png,paipany
1939.png,roothly
1940.png,rodust
1941.png,tesaxed
1942.png,runmed
1943.png,opeies
1944.png,pladly
1945.png,neaped
1946.png,runches
1947.png,fixman
1948.png,pusing
1949.png,givers
1950.png,waling
1951.png,sanlest
1952.png,Friore
1953.png,warling
1954.png,woores
1955.png,buzght
1956.png,traking
1957.png,sloters
1958.png,zertain
1959.png,nickers
1960.png,stared
1961.png,copted
1962.png,hearted
1963.png,babder
1964.png,braught
1965.png,chiarth
1966.png,quaked
1967.png,dusthly
1968.png,jumbter
1969.png,wriers
1970.png,amuelf
1971.png,tiling
1972.png,inciner
1973.png,endded
1974.png,greamin
1975.png,lining
1976.png,helned
1977.png,liqener
1978.png,thrers
1979.png,shacker
1980.png,creergo
1981.png,fisices
1982.png,kicome
1983.png,wailies
1984.png,walpedo
1985.png,stated
1986.png,amoish
1987.png,almdes
1988.png,angmed
1989.png,Opeioca
1990.png,graers
1991.png,fowver
1992.png,ankamer
1993.png,stoeter
1994.png,flater
1995.png,givead
1996.png,forined
1997.png,befwed
1998.png,heants
1999.png,sunched
2000.png,smicled
2001.png,potedly
2002.png,futrts
2003.png,indarth
2004.png,senhts
2005.png,poiking
2006.png,whidly
2007.png,amuers
2008.png,edgves
2009.png,wroease
2010.png,sexser
2011.png,islders
2012.png,sidden
2013.png,Cotpped
2014.png,milled
2015.png,liqome
2016.png,getvos
2017.png,gratter
2018.png,hlgeze
2019.png,queder
2020.png,soaked
2021.png,waxking
2022.png,stoing
2023.png,loopedo
2024.png,twessea
2025.png,seated
2026.png,comten
2027.png,waxause
2028.png,mining
2029.png,stiing
2030.png,poiken
2031.png,spated
2032.png,warined
2033.png,uptdly
2034.png,ordnker
2035.png,tiloved
2036.png,leacrd
2037.png,potion
2038.png,spoely
2039.png,eardily
2040.png,sparoom
2041.png,movvers
2042.png,healers
2043.png,outacks
2044.png,runting
2045.png,tasrths
2046.png,rulples
2047.png,cotting
2048.png,radsing
2049.png,viemper
2050.png,acieria
2051.png,unduids
2052.png,ratding
2053.png,ironced
2054.png,bodlets
2055.png,lawroom
2056.png,tesded
2057.png,motwns
2058.png,locker
2059.png,pasolds
2060.png,drater
2061.png,staker
2062.png,potody
2063.png,lisred
2064.png,minder
2065.png,masner
2066.png,horted
2067.png,riceper
2068.png,unsked
2069.png,rubzes
2070.png,taulds
2071.png,selder
2072.png,offskey
2073.png,pridle
2074.png,necder
2075.png,coprch
2076.png,damler
2077.png,dearten
2078.png,edgture
2079.png,islaria
2080.png,tasned
2081.png,smoses
2082.png,danher
2083.png,thited
2084.png,eigdly
2085.png,leasts
2086.png,pocring
2087.png,stiping
2088.png,lipust
2089.png,noissed
2090.png,voikers
2091.png,pulody
2092.png,scacer
2093.png,raised
2094.png,boides
2095.png,amoned
2096.png,ovecks
2097.png,offnger
2098.png,sorkers
2099.png,netels
2100.png,dogrts
2101.png,armler
2102.png,stants
2103.png,haiding
2104.png,rulrtly
2105.png,manked
2106.png,necwers
2107.png,wasned
2108.png,widders
2109.png,yesixed
2110.png,unsbers
2111.png,dantman
2112.png,harted
2113.png,unwmed
2114.png,posers
2115.png,whiins
2116.png,banner
2117.png,redled
2118.png,pipted
2119.png,empmer
2120.png,maksed
2121.png,truling
2122.png,stoefed
2123.png,likish
2124.png,hormes
2125.png,endduce
2126.png,hanked
2127.png,cortier
2128.png,wisbers
2129.png,taledly
2130.png,puslar
2131.png,tender
2132.png,thrging
2133.png,foount
2134.png,minrps
2135.png,latirer
2136.png,fieter
2137.png,wasnken
2138.png,boater
2139.png,sillors
2140.png,stohway
2141.png,necker
2142.png,carrts
2143.png,graard
2144.png,marning
2145.png,yelker
2146.png,turent
2147.png,heasing
2148.png,addger
2149.png,frince
2150.png,doioll
2151.png,havper
2152.png,edgrts
2153.png,sponers
2154.png,sevting
2155.png,nobpped
2156.png,snaped
2157.png,minrply
2158.png,verered
2159.png,inlled
2160.png,smoden
2161.png,valfers
2162.png,harearm
2163.png,walter
2164.png,facixed
2165.png,wasber
2166.png,flinecl
2167.png,boaing
2168.png,citken
2169.png,gonpers
2170.png,ordwly
2171.png,begards
2172.png,ranker
2173.png,faceing
2174.png,levning
2175.png,boxium
2176.png,Sanhole
2177.png,debles
2178.png,stawers
2179.png,anybts
2180.png,whiles
2181.png,making
2182.png,Friohol
2183.png,basola
2184.png,lasbers
2185.png,sizding
2186.png,brerer
2187.png,naryed
2188.png,vioding
2189.png,sevlled
2190.png,cariter
2191.png,priids
2192.png,dryhtly
2193.png,Angles
2194.png,tineter
2195.png,rading
2196.png,draered
2197.png,garract
2198.png,cnaffer
2199.png,copiced
2200.png,basers
2201.png,dryens
2202.png,hoouer
2203.png,snener
2204.png,sticked
2205.png,dartes
2206.png,madret
2207.png,farces
2208.png,doging
2209.png,miners
2210.png,unwcled
2211.png,musker
2212.png,sigred
2213.png,babhere
2214.png,feerds
2215.png,cogcker
2216.png,Auriler
2217.png,cigler
2218.png,uniing
2219.png,fliied
2220.png,airence
2221.png,shaers
2222.png,sislen
2223.png,neepped
2224.png,chaling
2225.png,leader
2226.png,banief
2227.png,wasute
2228.png,worrly
2229.png,angons
2230.png,shanken
2231.png,flider
2232.png,biteder
2233.png,canging
2234.png,exping
2235.png,wirtten
2236.png,poided
2237.png,fifnker
2238.png,fatens
2239.png,drites
2240.png,keeief
2241.png,baners
2242.png,taiaid
2243.png,chuings
2244.png,putave
2245.png,taxhin
2246.png,erreled
2247.png,smorest
2248.png,shaning
2249.png,pasmail
2250.png,smoghed
2251.png,daning
2252.png,tracers
2253.png,talming
2254.png,toeoped
2255.png,tesking
2256.png,apppped
2257.png,attlved
2258.png,babest
2259.png,rooting
2260.png,batden
2261.png,thriene
2262.png,guihter
2263.png,prised
2264.png,silsses
2265.png,rivlves
2266.png,traence
2267.png,reander
2268.png,houker
2269.png,sofing
2270.png,judder
2271.png,unmves
2272.png,craver
2273.png,notake
2274.png,smiing
2275.png,lowted
2276.png,tlmsher
2277.png,spoding
2278.png,kinded
2279.png,keeoded
2280.png,winead
2281.png,weloded
2282.png,horarer
2283.png,syster
2284.png,forakes
2285.png,anyared
2286.png,finting
2287.png,outious
2288.png,wintes
2289.png,letsed
2290.png,whelean
2291.png,manice
2292.png,unipes
2293.png,birpped
2294.png,latked
2295.png,bagking
2296.png,olirect
2297.png,bately
2298.png,thilen
2299.png,pigvos
2300.png,chicil
2301.png,empsel
2302.png,seeket
2303.png,powner
2304.png,senlow
2305.png,falden
2306.png,poience
2307.png,trihole
2308.png,masord
2309.png,feemed
2310.png,spatted
2311.png,lovups
2312.png,dusards
2313.png,judders
2314.png,jewmer
2315.png,sanely
2316.png,colsky
2317.png,locward
2318.png,forire
2319.png,glodge
2320.png,voicks
2321.png,loowers
2322.png,quaged
2323.png,lanmer
2324.png,offers
2325.png,waldly
2326.png,begkest
2327.png,midhing
2328.png,braely
2329.png,ruhost
2330.png,ampand
2331.png,edgself
2332.png,kished
2333.png,endlen
2334.png,monling
2335.png,liqffly
2336.png,poters
2337.png,incsher
2338.png,sanman
2339.png,jewying
2340.png,chasons
2341.png,futnion
2342.png,upkply
2343.png,doiener
2344.png,sneken
2345.png,tweers
2346.png,spaered
2347.png,mapght
2348.png,fieters
2349.png,bedlls
2350.png,solered
2351.png,darped
2352.png,verling
2353.png,mashest
2354.png,houaved
2355.png,worels
2356.png,deaiths
2357.png,kincing
2358.png,lasing
2359.png,nigner
2360.png,strlly
2361.png,pagket
2362.png,lasnted
2363.png,scaned
2364.png,inktion
2365.png,halker
2366.png,armling
2367.png,insmen
2368.png,rulely
2369.png,rhyning
2370.png,misting
2371.png,losked
2372.png,chiired
2373.png,Aumken
2374.png,stoing
2375.png,warther
2376.png,baghes
2377.png,sofing
2378.png,lovdly
2379.png,salried
2380.png,senned
2381.png,addake
2382.png,rinsing
2383.png,coring
2384.png,equngs
2385.png,snosher
2386.png,bredway
2387.png,citing
2388.png,ploers
2389.png,stewer
2390.png,hangged
2391.png,punuty
2392.png,acrlear
2393.png,angged
2394.png,musners
2395.png,poifing
2396.png,drilar
2397.png,truium
2398.png,folples
2399.png,fruker
2400.png,rathts
2401.png,pritria
2402.png,colust
2403.png,banted
2404.png,barhing
2405.png,rivened
2406.png,putmper
2407.png,voioned
2408.png,stetest
2409.png,wirver
2410.png,inlmed
2411.png,garics
2412.png,raincn
2413.png,seemey
2414.png,heaiet
2415.png,stects
2416.png,quacker
2417.png,twining
2418.png,bedyly
2419.png,quayed
2420.png,plaefed
2421.png,buthers
2422.png,unlsel
2423.png,watcer
2424.png,quaning
2425.png,arcers
2426.png,pindily
2427.png,Aprled
2428.png,debming
2429.png,potwing
2430.png,arcpped
2431.png,copgest
2432.png,raicers
2433.png,bedters
2434.png,awated
2435.png,eigsed
2436.png,lovced
2437.png,thiher
2438.png,insves
2439.png,mintain
2440.png,sulight
2441.png,purder
2442.png,neenser
2443.png,bloups
2444.png,glofed
2445.png,evests
2446.png,thiring
2447.png,cogners
2448.png,cheper
2449.png,bodguin
2450.png,workers
2451.png,insmers
2452.png,faryed
2453.png,forking
2454.png,vodcer
2455.png,opeefs
2456.png,awacker
2457.png,blonder
2458.png,ploedly
2459.png,incfits
2460.png,chaered
2461.png,wouyly
2462.png,bagders
2463.png,tabeler
2464.png,baners
2465.png,sofding
2466.png,bothing
2467.png,lisders
2468.png,simomes
2469.png,lasnds
2470.png,timrdo
2471.png,gunolid
2472.png,drapier
2473.png,flasing
2474.png,prlking
2475.png,Secects
2476.png,clocer
2477.png,weleipt
2478.png,shlanly
2479.png,forses
2480.png,aciaken
2481.png,chalor
2482.png,cheters
2483.png,ordings
2484.png,rewner
2485.png,whiers
2486.png,fatanly
2487.png,opeing
2488.png,plaped
2489.png,judning
2490.png,wetnted
2491.png,talked
2492.png,colles
2493.png,detped
2494.png,gunrner
2495.png,fooburn
2496.png,turger
2497.png,rinker
2498.png,lasamid
2499.png,nemtion
2500.png,pracked
2501.png,winson
2502.png,inssed
2503.png,warding
2504.png,verles
2505.png,planed
2506.png,horming
2507.png,awaged
2508.png,ansngs
2509.png,pusgar
2510.png,cupigua
2511.png,boager
2512.png,zersed
2513.png,buzughs
2514.png,leager
2515.png,rouers
2516.png,yesked
2517.png,awakers
2518.png,lovngs
2519.png,balers
2520.png,uppgue
2521.png,neagued
2522.png,potsed
2523.png,smoigua
2524.png,putnge
2525.png,eggker
2526.png,smofit
2527.png,poslest
2528.png,milses
2529.png,feesser
2530.png,movngs
2531.png,angies
2532.png,befcing
2533.png,ratses
2534.png,pianes
2535.png,oldbler
2536.png,lawted
2537.png,kisence
2538.png,priter
2539.png,woocer
2540.png,watping
2541.png,deaamid
2542.png,givket
2543.png,wassts
2544.png,wortch
2545.png,linret
2546.png,thred
2547.png,rolning
2548.png,trught
2549.png,walnts
2550.png,rigcth
2551.png,curtman
2552.png,sysdly
2553.png,fecook
2554.png,runghts
2555.png,deacks
2556.png,armkets
2557.png,rutlers
2558.png,likters
2559.png,badker
2560.png,braedly
2561.png,hisuary
2562.png,meemer
2563.png,fleing
2564.png,brading
2565.png,monfees
2566.png,begping
2567.png,rested
2568.png,sayler
2569.png,biteing
2570.png,meodled
2571.png,topugh
2572.png,rigale
2573.png,chaohol
2574.png,crisest
2575.png,hamited
2576.png,anyher
2577.png,smoters
2578.png,sugding
2579.png,abosely
2580.png,spoetly
2581.png,fatguln
2582.png,midgged
2583.png,hatdows
2584.png,basged
2585.png,vereled
2586.png,neants
2587.png,whibers
2588.png,colers
2589.png,purken
2590.png,polboat
2591.png,quader
2592.png,fisding
2593.png,rubter
2594.png,batning
2595.png,helger
2596.png,wooths
2597.png,fixker
2598.png,weiders
2599.png,copses
2600.png,meoder
2601.png,drigers
2602.png,winmed
2603.png,winthes
2604.png,finned
2605.png,oilulse
2606.png,unrempt
2607.png,eigteps
2608.png,turers
2609.png,locser
2610.png,whitly
2611.png,helired
2612.png,broring
2613.png,pateing
2614.png,deerth
2615.png,smouded
2616.png,unclest
2617.png,quasor
2618.png,wlnined
2619.png,flased
2620.png,hisamer
2621.png,royred
2622.png,bacthed
2623.png,monhtly
2624.png,mantain
2625.png,tenedly
2626.png,worind
2627.png,sadels
2628.png,helash
2629.png,tweking
2630.png,lauying
2631.png,loorer
2632.png,saieat
2633.png,manrper
2634.png,cirsh
2635.png,cauded
2636.png,zebper
2637.png,latskey
2638.png,neeired
2639.png,staarrh
2640.png,effburn
2641.png,slohing
2642.png,loonken
2643.png,sleners
2644.png,weiffer
2645.png,adjese
2646.png,banced
2647.png,pusage
2648.png,rooher
2649.png,inkhole
2650.png,qarfer
2651.png,stated
2652.png,syslded
2653.png,loslogy
2654.png,movtcm
2655.png,camters
2656.png,wavked
2657.png,traings
2658.png,wromper
2659.png,sweting
2660.png,seesed
2661.png,unlbbed
2662.png,futmper
2663.png,stacks
2664.png,forled
2665.png,arcdens
2666.png,famked
2667.png,crimen
2668.png,neapany
2669.png,plating
2670.png,shaaway
2671.png,worling
2672.png,lovmed
2673.png,regced
2674.png,yeaion
2675.png,getams
2676.png,amumes
2677.png,thiker
2678.png,siohtly
2679.png,coaeler
2680.png,getstly
2681.png,unrcks
2682.png,moning
2683.png,nersher
2684.png,attkend
2685.png,meeious
2686.png,meooned
2687.png,likded
2688.png,unclers
2689.png,patkets
2690.png,heaers
2691.png,enoides
2692.png,vioings
2693.png,stckend
2694.png,houves
2695.png,addkest
2696.png,gonest
2697.png,ricers
2698.png,midting
2699.png,walined
2700.png,ahydle
2701.png,plezes
2702.png,wetdes
2703.png,higcler
2704.png,twigged
2705.png,iroooks
2706.png,batler
2707.png,lociner
2708.png,chaions
2709.png,cofcked
2710.png,driions
2711.png,citing
2712.png,losded
2713.png,sizcks
2714.png,lisdest
2715.png,kisical
2716.png,rouner
2717.png,armsing
2718.png,ownwing
2719.png,rubred
2720.png,armger
2721.png,coosed
2722.png,batdles
2723.png,unrther
2724.png,resssed
2725.png,befdied
2726.png,flited
2727.png,horpped
2728.png,guicled
2729.png,fisards
2730.png,grodly
2731.png,anyches
2732.png,oldces
2733.png,sprnned
2734.png,roother
2735.png,ircing
2736.png,stocks
2737.png,coared
2738.png,breding
2739.png,planter
2740.png,coaaged
2741.png,wrosky
2742.png,musred
2743.png,fiaders
2744.png,coterts
2745.png,brasers
2746.png,oilage
2747.png,glonine
2748.png,ruloat
2749.png,neemony
2750.png,heacess
2751.png,unrkers
2752.png,limers
2753.png,worics
2754.png,saners
2755.png,neathed
2756.png,opeezed
2757.png,shcdily
2758.png,wisors
2759.png,valying
2760.png,boxlets
2761.png,flymed
2762.png,worter
2763.png,isldles
2764.png,piakers
2765.png,lanond
2766.png,rantrol
2767.png,judding
2768.png,kicying
2769.png,wooning
2770.png,acring
2771.png,spaers
2772.png,souted
2773.png,verams
2774.png,egghion
2775.png,vesgust
2776.png,inkted
2777.png,basves
2778.png,dooards
2779.png,lisers
2780.png,finors
2781.png,valghts
2782.png,bodwed
2783.png,marshes
2784.png,snoers
2785.png,foller
2786.png,silners
2787.png,parsing
2788.png,dceias
2789.png,unlers
2790.png,plabter
2791.png,potzes
2792.png,stoeter
2793.png,Sunical
2794.png,inlmals
2795.png,polidly
2796.png,higone
2797.png,heapped
2798.png,snomal
2799.png,corers
2800.png,inoarly
2801.png,guiling
2802.png,truted
2803.png,pooueur
2804.png,fouted
2805.png,hatrper
2806.png,almtmen
2807.png,oiiing
2808.png,porpers
2809.png,ratsing
2810.png,kisight
2811.png,basediy
2812.png,oilcel
2813.png,birmer
2814.png,bucten
2815.png,vioghly
2816.png,awapped
2817.png,timones
2818.png,louder
2819.png,figter
2820.png,citized
2821.png,simres
2822.png,silked
2823.png,smoners
2824.png,ablcked
2825.png,sofails
2826.png,puswers
2827.png,cooters
2828.png,manngst
2829.png,pooened
2830.png,monding
2831.png,lonrth
2832.png,facker
2833.png,kinters
2834.png,resler
2835.png,rating
2836.png,solefed
2837.png,twione
2838.png,mysent
2839.png,offnts
2840.png,smaires
2841.png,uplpper
2842.png,wistens
2843.png,grothm
2844.png,bloked
2845.png,kisged
2846.png,unsmony
2847.png,keying
2848.png,hanber
2849.png,winer
2850.png,unhteps
2851.png,haikins
2852.png,banuter
2853.png,circer
2854.png,degered
2855.png,evegher
2856.png,namlthy
2857.png,lismist
2858.png,buzwers
2859.png,rinling
2860.png,soaires
2861.png,dogined
2862.png,horstic
2863.png,banfing
2864.png,keters
2865.png,ankged
2866.png,unikas
2867.png,nicten
2868.png,sidvers
2869.png,feeyly
2870.png,yelput
2871.png,kisght
2872.png,insrter
2873.png,ranound
2874.png,wishers
2875.png,shadles
2876.png,houired
2877.png,wineady
2878.png,farhers
2879.png,insces
2880.png,burcats
2881.png,mappers
2882.png,reainy
2883.png,wheeler
2884.png,scrrly
2885.png,birruse
2886.png,juming
2887.png,ranking
2888.png,flaght
2889.png,Apaids
2890.png,unwlthy
2891.png,famsent
2892.png,raneing
2893.png,balling
2894.png,thikas
2895.png,kinunts
2896.png,groone
2897.png,rulcer
2898.png,bradast
2899.png,stoels
2900.png,frider
2901.png,aftired
2902.png,douthly
2903.png,smiied
2904.png,cycones
2905.png,camber
2906.png,ollging
2907.png,amuice
2908.png,moooed
2909.png,monest
2910.png,snaoor
2911.png,wropped
2912.png,minter
2913.png,thicher
2914.png,Scharer
2915.png,aftted
2916.png,wooffly
2917.png,powstle
2918.png,wasged
2919.png,neaents
2920.png,lootory
2921.png,doenged
2922.png,ranting
2923.png,lifght
2924.png,coutors
2925.png,turings
2926.png,smaever
2927.png,goited
2928.png,brades
2929.png,raysts
2930.png,corked
2931.png,drioped
2932.png,flyter
2933.png,appskey
2934.png,hotker
2935.png,actelly
2936.png,theking
2937.png,dowper
2938.png,deaces
2939.png,voidly
2940.png,latoped
2941.png,stiher
2942.png,carght
2943.png,staping
2944.png,doucked
2945.png,pagdes
2946.png,rooanly
2947.png,reawers
2948.png,ablned
2949.png,burler
2950.png,staice
2951.png,shater
2952.png,citork
2953.png,baters
2954.png,armner
2955.png,inlries
2956.png,taxghts
2957.png,babting
2958.png,kinkas
2959.png,actler
2960.png,cotted
2961.png,mixural
2962.png,liksely
2963.png,jumeze
2964.png,meeted
2965.png,facting
2966.png,truaged
2967.png,mussely
2968.png,seaome
2969.png,witcker
2970.png,inlker
2971.png,topged
2972.png,kningly
2973.png,litlege
2974.png,adjting
2975.png,colzed
2976.png,bresed
2977.png,banker
2978.png,ordles
2979.png,inclor
2980.png,penages
2981.png,spoling
2982.png,sharted
2983.png,fisers
2984.png,staces
2985.png,walther
2986.png,newded
2987.png,voience
2988.png,Priple
2989.png,heances
2990.png,unwnts
2991.png,drimen
2992.png,carlets
2993.png,booage
2994.png,rhyller
2995.png,finted
2996.png,apppier
2997.png,pasdge
2998.png,waring
2999.png,cwning
3000.png,rhyces
